SET @login_id = 'oGXh93Hq0NTupmI_PnWRB60oaIKg';

INSERT IGNORE INTO `subject_category` (`id`, `category_name`, `category_type`, `image_url`, `parent_id`, `created_by`, `created_time`, `update_by`, `update_time`, `is_deleted`) VALUES
(3, '消息队列', 2, 'https://image/category.icon', 1, @login_id, '2026-03-17 10:00:00', NULL, NULL, 0),
(4, '数据库', 2, 'https://image/category.icon', 1, @login_id, '2026-03-17 10:00:00', NULL, NULL, 0);

INSERT IGNORE INTO `subject_label` (`id`, `label_name`, `sort_num`, `category_id`, `created_by`, `created_time`, `update_by`, `update_time`, `is_deleted`) VALUES
(45, 'RocketMQ', 1, 1, @login_id, '2026-03-17 10:01:00', NULL, NULL, 0),
(46, 'MySQL索引', 2, 1, @login_id, '2026-03-17 10:01:00', NULL, NULL, 0),
(47, '缓存稳定性', 3, 1, @login_id, '2026-03-17 10:01:00', NULL, NULL, 0),
(48, 'Binlog', 4, 1, @login_id, '2026-03-17 10:01:00', NULL, NULL, 0),
(49, '延迟消息', 5, 1, @login_id, '2026-03-17 10:01:00', NULL, NULL, 0),
(50, '事务隔离', 6, 1, @login_id, '2026-03-17 10:01:00', NULL, NULL, 0);

INSERT IGNORE INTO `subject_category_label` (`category_id`, `label_id`, `sort_num`, `created_by`, `created_time`, `update_by`, `update_time`, `is_deleted`) VALUES
(2, 1, 1, @login_id, '2026-03-17 10:01:10', NULL, NULL, 0),
(2, 44, 2, @login_id, '2026-03-17 10:01:10', NULL, NULL, 0),
(2, 47, 3, @login_id, '2026-03-17 10:01:10', NULL, NULL, 0),
(3, 44, 1, @login_id, '2026-03-17 10:01:10', NULL, NULL, 0),
(3, 45, 2, @login_id, '2026-03-17 10:01:10', NULL, NULL, 0),
(3, 49, 3, @login_id, '2026-03-17 10:01:10', NULL, NULL, 0),
(4, 46, 1, @login_id, '2026-03-17 10:01:10', NULL, NULL, 0),
(4, 48, 2, @login_id, '2026-03-17 10:01:10', NULL, NULL, 0),
(4, 50, 3, @login_id, '2026-03-17 10:01:10', NULL, NULL, 0);

INSERT IGNORE INTO `subject_info` (`id`, `subject_name`, `subject_difficult`, `settle_name`, `subject_type`, `subject_score`, `subject_parse`, `created_by`, `created_time`, `update_by`, `update_time`, `is_deleted`) VALUES
(111, 'Redis中用于保证原子递增的命令是？', 1, NULL, 1, 1, 'INCR可以对数值字符串执行原子递增。', @login_id, '2026-03-17 10:05:00', NULL, NULL, 0),
(112, '缓存击穿治理中最常见的手段是？', 2, NULL, 1, 1, '热点 key 一般配合互斥锁或永不过期策略处理。', @login_id, '2026-03-17 10:05:00', NULL, NULL, 0),
(113, 'Redis持久化里同时兼顾恢复速度和数据完整性的常见组合是？', 2, NULL, 1, 1, 'RDB + AOF 混合是常见生产方案。', @login_id, '2026-03-17 10:05:00', NULL, NULL, 0),
(114, '双删策略里第二次删缓存主要是为了处理什么问题？', 3, NULL, 1, 1, '处理并发窗口内脏数据重新写回缓存的问题。', @login_id, '2026-03-17 10:05:00', NULL, NULL, 0),
(115, 'RocketMQ中负责路由发现的组件是？', 1, NULL, 1, 1, 'NameServer负责路由注册和发现。', @login_id, '2026-03-17 10:05:00', NULL, NULL, 0),
(116, '消息积压排查时最先应关注的指标是？', 2, NULL, 1, 1, '消费位点和堆积量最能直接说明问题。', @login_id, '2026-03-17 10:05:00', NULL, NULL, 0),
(117, '延迟消息的核心价值更贴近下面哪类业务？', 2, NULL, 1, 1, '超时关闭订单、定时通知都依赖延迟触发。', @login_id, '2026-03-17 10:05:00', NULL, NULL, 0),
(118, 'MySQL中最适合范围查询又兼顾排序的索引结构是？', 1, NULL, 1, 1, 'B+Tree 天然适合范围扫描和排序。', @login_id, '2026-03-17 10:05:00', NULL, NULL, 0),
(119, '联合索引(a,b,c)最符合最左匹配原则的查询条件是？', 2, NULL, 1, 1, '从最左列开始连续使用索引条件效果最好。', @login_id, '2026-03-17 10:05:00', NULL, NULL, 0),
(120, 'InnoDB中事务提交后用于主从复制和恢复的重要日志是？', 2, NULL, 1, 1, 'Binlog 记录逻辑变更，redo log 负责崩溃恢复。', @login_id, '2026-03-17 10:05:00', NULL, NULL, 0),
(121, '关于缓存穿透治理，哪些做法通常有效？', 2, NULL, 2, 2, '布隆过滤器、空值缓存和参数校验都能降低穿透。', @login_id, '2026-03-17 10:06:00', NULL, NULL, 0),
(122, '为避免缓存与数据库不一致，常见的工程化方案有哪些？', 3, NULL, 2, 2, '延迟双删、异步订阅和消息补偿都很常见。', @login_id, '2026-03-17 10:06:00', NULL, NULL, 0),
(123, 'RocketMQ消费失败后的可靠处理通常包括哪些方式？', 2, NULL, 2, 2, '重试、死信队列和幂等控制是标准组合。', @login_id, '2026-03-17 10:06:00', NULL, NULL, 0),
(124, '设计延迟消息时，哪些信息通常应进入消息体或业务表？', 2, NULL, 2, 2, '业务主键、触发时间和幂等键是高频字段。', @login_id, '2026-03-17 10:06:00', NULL, NULL, 0),
(125, '关于 MySQL 索引失效，下面哪些情况经常会发生？', 2, NULL, 2, 2, '函数计算、类型转换和范围后继续匹配都可能失效。', @login_id, '2026-03-17 10:06:00', NULL, NULL, 0),
(126, '关于 binlog 的常见认知，哪些说法正确？', 3, NULL, 2, 2, '主从复制依赖 binlog，格式上也有 row/statement/mixed。', @login_id, '2026-03-17 10:06:00', NULL, NULL, 0),
(127, '缓存雪崩通常是同一时间大量 key 集中过期造成的。', 1, NULL, 3, 1, '雪崩强调大量 key 同时失效，不是单个热点 key。', @login_id, '2026-03-17 10:07:00', NULL, NULL, 0),
(128, '只要使用了消息队列，就一定不会出现数据一致性问题。', 1, NULL, 3, 1, '消息队列只能帮助解耦和补偿，不能天然消灭一致性问题。', @login_id, '2026-03-17 10:07:00', NULL, NULL, 0),
(129, 'RocketMQ 的 NameServer 本身不负责存储消息内容。', 1, NULL, 3, 1, '消息内容存储在 Broker，NameServer 只做路由。', @login_id, '2026-03-17 10:07:00', NULL, NULL, 0),
(130, '可重复读隔离级别下可以彻底杜绝所有并发现象。', 2, NULL, 3, 1, '可重复读仍需结合锁语义理解，不能简单理解为杜绝所有问题。', @login_id, '2026-03-17 10:07:00', NULL, NULL, 0),
(131, '如何设计一个稳定的 Redis 热点 key 保护方案？', 3, NULL, 4, 3, '结合互斥更新、逻辑过期、限流和降级兜底综合设计。', @login_id, '2026-03-17 10:08:00', NULL, NULL, 0),
(132, '延迟双删为什么仍然不能从理论上保证强一致？', 4, NULL, 4, 3, '因为并发窗口、消息延迟和失败重试都可能让脏数据再进入缓存。', @login_id, '2026-03-17 10:08:00', NULL, NULL, 0),
(133, 'RocketMQ 顺序消息要注意哪些边界条件？', 3, NULL, 4, 3, '顺序只在局部队列内成立，还要配合消费重试和分区键设计。', @login_id, '2026-03-17 10:08:00', NULL, NULL, 0),
(134, 'MySQL 索引下推和覆盖索引分别解决什么问题？', 3, NULL, 4, 3, '索引下推减少回表前过滤成本，覆盖索引直接避免回表。', @login_id, '2026-03-17 10:08:00', NULL, NULL, 0);

INSERT IGNORE INTO `subject_mapping` (`id`, `subject_id`, `category_id`, `label_id`, `created_by`, `created_time`, `update_by`, `update_time`, `is_deleted`) VALUES
(228, 111, 2, 1, @login_id, '2026-03-17 10:10:00', NULL, NULL, 0),
(229, 112, 2, 47, @login_id, '2026-03-17 10:10:00', NULL, NULL, 0),
(230, 113, 2, 1, @login_id, '2026-03-17 10:10:00', NULL, NULL, 0),
(231, 114, 2, 44, @login_id, '2026-03-17 10:10:00', NULL, NULL, 0),
(232, 115, 3, 45, @login_id, '2026-03-17 10:10:00', NULL, NULL, 0),
(233, 116, 3, 45, @login_id, '2026-03-17 10:10:00', NULL, NULL, 0),
(234, 117, 3, 49, @login_id, '2026-03-17 10:10:00', NULL, NULL, 0),
(235, 118, 4, 46, @login_id, '2026-03-17 10:10:00', NULL, NULL, 0),
(236, 119, 4, 46, @login_id, '2026-03-17 10:10:00', NULL, NULL, 0),
(237, 120, 4, 48, @login_id, '2026-03-17 10:10:00', NULL, NULL, 0),
(238, 121, 2, 47, @login_id, '2026-03-17 10:10:00', NULL, NULL, 0),
(239, 122, 2, 44, @login_id, '2026-03-17 10:10:00', NULL, NULL, 0),
(240, 123, 3, 45, @login_id, '2026-03-17 10:10:00', NULL, NULL, 0),
(241, 124, 3, 49, @login_id, '2026-03-17 10:10:00', NULL, NULL, 0),
(242, 125, 4, 46, @login_id, '2026-03-17 10:10:00', NULL, NULL, 0),
(243, 126, 4, 48, @login_id, '2026-03-17 10:10:00', NULL, NULL, 0),
(244, 127, 2, 47, @login_id, '2026-03-17 10:10:00', NULL, NULL, 0),
(245, 128, 2, 44, @login_id, '2026-03-17 10:10:00', NULL, NULL, 0),
(246, 129, 3, 45, @login_id, '2026-03-17 10:10:00', NULL, NULL, 0),
(247, 130, 4, 50, @login_id, '2026-03-17 10:10:00', NULL, NULL, 0),
(248, 131, 2, 47, @login_id, '2026-03-17 10:10:00', NULL, NULL, 0),
(249, 132, 2, 44, @login_id, '2026-03-17 10:10:00', NULL, NULL, 0),
(250, 133, 3, 49, @login_id, '2026-03-17 10:10:00', NULL, NULL, 0),
(251, 134, 4, 46, @login_id, '2026-03-17 10:10:00', NULL, NULL, 0);

INSERT IGNORE INTO `subject_radio` (`id`, `subject_id`, `option_type`, `option_content`, `is_correct`, `created_by`, `created_time`, `update_by`, `update_time`, `is_deleted`) VALUES
(1001, 111, 1, 'DECR', 0, @login_id, '2026-03-17 10:12:00', NULL, NULL, 0),
(1002, 111, 2, 'INCR', 1, @login_id, '2026-03-17 10:12:00', NULL, NULL, 0),
(1003, 111, 3, 'EXPIRE', 0, @login_id, '2026-03-17 10:12:00', NULL, NULL, 0),
(1004, 111, 4, 'APPEND', 0, @login_id, '2026-03-17 10:12:00', NULL, NULL, 0),
(1005, 112, 1, '热点 key 永久失效', 0, @login_id, '2026-03-17 10:12:00', NULL, NULL, 0),
(1006, 112, 2, '互斥锁重建缓存', 1, @login_id, '2026-03-17 10:12:00', NULL, NULL, 0),
(1007, 112, 3, '删除主从复制', 0, @login_id, '2026-03-17 10:12:00', NULL, NULL, 0),
(1008, 112, 4, '把数据库改成异步', 0, @login_id, '2026-03-17 10:12:00', NULL, NULL, 0),
(1009, 113, 1, '只开 RDB', 0, @login_id, '2026-03-17 10:12:00', NULL, NULL, 0),
(1010, 113, 2, '只开 AOF everysec', 0, @login_id, '2026-03-17 10:12:00', NULL, NULL, 0),
(1011, 113, 3, 'RDB 与 AOF 结合', 1, @login_id, '2026-03-17 10:12:00', NULL, NULL, 0),
(1012, 113, 4, '关闭持久化', 0, @login_id, '2026-03-17 10:12:00', NULL, NULL, 0),
(1013, 114, 1, '减少缓存内存占用', 0, @login_id, '2026-03-17 10:12:00', NULL, NULL, 0),
(1014, 114, 2, '规避并发回填脏数据', 1, @login_id, '2026-03-17 10:12:00', NULL, NULL, 0),
(1015, 114, 3, '提高 SQL 执行计划命中率', 0, @login_id, '2026-03-17 10:12:00', NULL, NULL, 0),
(1016, 114, 4, '替代分布式锁', 0, @login_id, '2026-03-17 10:12:00', NULL, NULL, 0),
(1017, 115, 1, 'Broker', 0, @login_id, '2026-03-17 10:12:00', NULL, NULL, 0),
(1018, 115, 2, 'NameServer', 1, @login_id, '2026-03-17 10:12:00', NULL, NULL, 0),
(1019, 115, 3, 'Controller', 0, @login_id, '2026-03-17 10:12:00', NULL, NULL, 0),
(1020, 115, 4, 'Producer Group', 0, @login_id, '2026-03-17 10:12:00', NULL, NULL, 0),
(1021, 116, 1, 'JVM 版本号', 0, @login_id, '2026-03-17 10:12:00', NULL, NULL, 0),
(1022, 116, 2, '消费位点和堆积量', 1, @login_id, '2026-03-17 10:12:00', NULL, NULL, 0),
(1023, 116, 3, '服务器壁纸', 0, @login_id, '2026-03-17 10:12:00', NULL, NULL, 0),
(1024, 116, 4, 'Topic 创建时间', 0, @login_id, '2026-03-17 10:12:00', NULL, NULL, 0),
(1025, 117, 1, '秒杀扣库存后的最终落库', 0, @login_id, '2026-03-17 10:12:00', NULL, NULL, 0),
(1026, 117, 2, '订单超时关闭', 1, @login_id, '2026-03-17 10:12:00', NULL, NULL, 0),
(1027, 117, 3, '用户实时登录鉴权', 0, @login_id, '2026-03-17 10:12:00', NULL, NULL, 0),
(1028, 117, 4, '数据库分库分表', 0, @login_id, '2026-03-17 10:12:00', NULL, NULL, 0),
(1029, 118, 1, 'Hash', 0, @login_id, '2026-03-17 10:12:00', NULL, NULL, 0),
(1030, 118, 2, 'B+Tree', 1, @login_id, '2026-03-17 10:12:00', NULL, NULL, 0),
(1031, 118, 3, 'Bitmap', 0, @login_id, '2026-03-17 10:12:00', NULL, NULL, 0),
(1032, 118, 4, 'Trie', 0, @login_id, '2026-03-17 10:12:00', NULL, NULL, 0),
(1033, 119, 1, 'where b = 1 and c = 2', 0, @login_id, '2026-03-17 10:12:00', NULL, NULL, 0),
(1034, 119, 2, 'where a = 1 and b = 2', 1, @login_id, '2026-03-17 10:12:00', NULL, NULL, 0),
(1035, 119, 3, 'where c = 3', 0, @login_id, '2026-03-17 10:12:00', NULL, NULL, 0),
(1036, 119, 4, 'where b > 1 and c = 2 without a', 0, @login_id, '2026-03-17 10:12:00', NULL, NULL, 0),
(1037, 120, 1, 'undo log', 0, @login_id, '2026-03-17 10:12:00', NULL, NULL, 0),
(1038, 120, 2, 'slow log', 0, @login_id, '2026-03-17 10:12:00', NULL, NULL, 0),
(1039, 120, 3, 'binlog', 1, @login_id, '2026-03-17 10:12:00', NULL, NULL, 0),
(1040, 120, 4, 'relay log', 0, @login_id, '2026-03-17 10:12:00', NULL, NULL, 0);

INSERT IGNORE INTO `subject_multiple` (`id`, `subject_id`, `option_type`, `option_content`, `is_correct`, `created_by`, `created_time`, `update_by`, `update_time`, `is_deleted`) VALUES
(1101, 121, 1, '布隆过滤器', 1, @login_id, '2026-03-17 10:14:00', NULL, NULL, 0),
(1102, 121, 2, '空值缓存', 1, @login_id, '2026-03-17 10:14:00', NULL, NULL, 0),
(1103, 121, 3, '参数合法性校验', 1, @login_id, '2026-03-17 10:14:00', NULL, NULL, 0),
(1104, 121, 4, '强制全表扫描', 0, @login_id, '2026-03-17 10:14:00', NULL, NULL, 0),
(1105, 122, 1, '延迟双删', 1, @login_id, '2026-03-17 10:14:00', NULL, NULL, 0),
(1106, 122, 2, '订阅 binlog 异步修正缓存', 1, @login_id, '2026-03-17 10:14:00', NULL, NULL, 0),
(1107, 122, 3, '消息补偿机制', 1, @login_id, '2026-03-17 10:14:00', NULL, NULL, 0),
(1108, 122, 4, '禁止数据库更新', 0, @login_id, '2026-03-17 10:14:00', NULL, NULL, 0),
(1109, 123, 1, '消费重试', 1, @login_id, '2026-03-17 10:14:00', NULL, NULL, 0),
(1110, 123, 2, '死信队列', 1, @login_id, '2026-03-17 10:14:00', NULL, NULL, 0),
(1111, 123, 3, '幂等控制', 1, @login_id, '2026-03-17 10:14:00', NULL, NULL, 0),
(1112, 123, 4, '删除消息 key', 0, @login_id, '2026-03-17 10:14:00', NULL, NULL, 0),
(1113, 124, 1, '业务主键', 1, @login_id, '2026-03-17 10:14:00', NULL, NULL, 0),
(1114, 124, 2, '目标触发时间', 1, @login_id, '2026-03-17 10:14:00', NULL, NULL, 0),
(1115, 124, 3, '幂等键', 1, @login_id, '2026-03-17 10:14:00', NULL, NULL, 0),
(1116, 124, 4, '前端按钮颜色', 0, @login_id, '2026-03-17 10:14:00', NULL, NULL, 0),
(1117, 125, 1, 'where 上对索引列做函数', 1, @login_id, '2026-03-17 10:14:00', NULL, NULL, 0),
(1118, 125, 2, '发生隐式类型转换', 1, @login_id, '2026-03-17 10:14:00', NULL, NULL, 0),
(1119, 125, 3, '范围条件后继续依赖后续列', 1, @login_id, '2026-03-17 10:14:00', NULL, NULL, 0),
(1120, 125, 4, '主键等值查询', 0, @login_id, '2026-03-17 10:14:00', NULL, NULL, 0),
(1121, 126, 1, 'binlog 可用于主从复制', 1, @login_id, '2026-03-17 10:14:00', NULL, NULL, 0),
(1122, 126, 2, 'binlog 只有 row 一种格式', 0, @login_id, '2026-03-17 10:14:00', NULL, NULL, 0),
(1123, 126, 3, 'binlog 常见格式有 row、statement、mixed', 1, @login_id, '2026-03-17 10:14:00', NULL, NULL, 0),
(1124, 126, 4, 'binlog 只在从库存在', 0, @login_id, '2026-03-17 10:14:00', NULL, NULL, 0);

INSERT IGNORE INTO `subject_judge` (`id`, `subject_id`, `is_correct`, `created_by`, `created_time`, `update_by`, `update_time`, `is_deleted`) VALUES
(1201, 127, 1, @login_id, '2026-03-17 10:16:00', NULL, NULL, 0),
(1202, 128, 0, @login_id, '2026-03-17 10:16:00', NULL, NULL, 0),
(1203, 129, 1, @login_id, '2026-03-17 10:16:00', NULL, NULL, 0),
(1204, 130, 0, @login_id, '2026-03-17 10:16:00', NULL, NULL, 0);

INSERT IGNORE INTO `subject_brief` (`id`, `subject_id`, `subject_answer`, `created_by`, `created_time`, `update_by`, `update_time`, `is_deleted`) VALUES
(70, 131, '<p>可以从四层来设计：热点识别、缓存构建、失效控制、降级兜底。</p><ul><li>热点 key 统一识别并单独治理</li><li>读取时采用逻辑过期加互斥重建</li><li>异常时返回兜底值并限流</li><li>通过监控统计重建耗时和命中率</li></ul>', @login_id, '2026-03-17 10:18:00', NULL, NULL, 0),
(71, 132, '<p>延迟双删只是降低脏缓存概率，并不能得到理论上的强一致。</p><ul><li>并发请求可能在两次删除之间读到旧值</li><li>第二次删除任务本身可能失败或延迟</li><li>如果消息链路不稳定，还会出现删除补偿不及时</li></ul>', @login_id, '2026-03-17 10:18:00', NULL, NULL, 0),
(72, 133, '<p>顺序消息要注意三个边界：局部顺序、失败重试、分区键设计。</p><ul><li>顺序只在同一队列内成立</li><li>消费失败后的重试可能打乱业务感知顺序</li><li>选择错误的 sharding key 会导致热点队列</li></ul>', @login_id, '2026-03-17 10:18:00', NULL, NULL, 0),
(73, 134, '<p>索引下推和覆盖索引解决的是两个不同层次的问题。</p><ul><li>索引下推：把过滤条件下沉到存储引擎侧，减少回表前的无效记录</li><li>覆盖索引：查询列完全被索引覆盖，直接从索引返回结果，不再回表</li></ul>', @login_id, '2026-03-17 10:18:00', NULL, NULL, 0);
